Record ID,I was given access to skills training to help me do my job better,I was given adequate opportunities for personal development,I was given adequate opportunities for promotion,I felt the salary for the job was right for the responsibilities I had,Staff morale was positive within the Institute,I worked well with my colleagues,I was able to use the full range of my skills in my job,I was able to cope with the level of stress and pressure in my job,My job allowed me to balance the demands of work and family,My supervisor gave me adequate recognition and feedback on my performance
6.34133E+17,Agree,Agree,Neutral,Agree,Agree,Agree,Agree,Agree,Agree,Agree
6.34134E+17,Agree,Agree,Agree,Agree,Agree,StronglyAgree,StronglyAgree,StronglyAgree,Agree,StronglyAgree
6.34139E+17,Agree,Agree,Agree,Agree,Agree,StronglyAgree,Agree,Agree,Agree,Agree
6.3414E+17,Agree,Agree,Agree,Agree,Agree,StronglyAgree,StronglyAgree,StronglyAgree,StronglyAgree,StronglyAgree
6.34147E+17,Agree,StronglyAgree,Agree,StronglyAgree,StronglyAgree,StronglyAgree,StronglyAgree,StronglyAgree,StronglyAgree,StronglyAgree
6.34148E+17,Neutral,Neutral,Neutral,Agree,Neutral,Neutral,Neutral,Neutral,Disagree,Neutral
6.34152E+17,StronglyAgree,StronglyAgree,StronglyAgree,StronglyAgree,StronglyAgree,StronglyAgree,StronglyAgree,StronglyAgree,StronglyAgree,StronglyAgree
6.34154E+17,Agree,Agree,Disagree,StronglyDisagree,StronglyDisagree,Agree,Disagree,Disagree,Disagree,Neutral
6.34158E+17,StronglyAgree,StronglyAgree,StronglyAgree,StronglyAgree,StronglyAgree,StronglyAgree,StronglyAgree,StronglyAgree,StronglyAgree,StronglyAgree
6.34159E+17,Agree,Agree,Neutral,Agree,Agree,StronglyAgree,Agree,StronglyAgree,Agree,StronglyAgree
6.34159E+17,StronglyAgree,StronglyAgree,Agree,Neutral,Disagree,StronglyAgree,Disagree,StronglyAgree,StronglyAgree,StronglyAgree
6.34172E+17,StronglyAgree,StronglyAgree,Neutral,StronglyAgree,Agree,Agree,Agree,Agree,Agree,Agree
6.34172E+17,StronglyAgree,StronglyAgree,Neutral,Agree,Agree,Agree,StronglyAgree,Agree,Agree,Agree
6.34173E+17,Neutral,Neutral,Disagree,Agree,Neutral,Agree,StronglyDisagree,Agree,Agree,Agree
6.34173E+17,Agree,Agree,Neutral,Agree,StronglyDisagree,Disagree,Agree,Disagree,Agree,StronglyDisagree
6.34176E+17,Agree,Agree,Neutral,Agree,StronglyDisagree,StronglyAgree,StronglyAgree,StronglyAgree,StronglyAgree,Neutral
6.34177E+17,Agree,Neutral,Neutral,Disagree,StronglyDisagree,Agree,Disagree,Neutral,Neutral,Neutral
6.34182E+17,StronglyDisagree,StronglyDisagree,StronglyDisagree,StronglyDisagree,Disagree,Agree,StronglyDisagree,Neutral,Agree,Neutral
6.34185E+17,Agree,Agree,StronglyDisagree,StronglyDisagree,Disagree,StronglyAgree,StronglyAgree,Neutral,Disagree,Agree
6.34191E+17,Neutral,Neutral,Neutral,Neutral,Agree,StronglyAgree,Agree,Agree,Agree,Agree
6.34191E+17,Agree,Agree,Neutral,Agree,Disagree,StronglyAgree,Agree,Disagree,Disagree,Disagree
6.34191E+17,StronglyAgree,StronglyAgree,Agree,Neutral,Agree,Agree,Agree,Neutral,Neutral,Agree
6.34193E+17,Neutral,Disagree,StronglyDisagree,StronglyDisagree,StronglyDisagree,Agree,Agree,Agree,Agree,StronglyDisagree
6.34193E+17,Agree,Agree,Neutral,Agree,Neutral,Agree,Disagree,Agree,Agree,StronglyAgree
6.34199E+17,Neutral,Neutral,Disagree,StronglyAgree,Neutral,Agree,Disagree,Neutral,Neutral,Neutral
6.342E+17,Agree,Agree,Neutral,Disagree,Agree,Agree,Agree,Agree,Agree,Agree
6.342E+17,StronglyAgree,StronglyAgree,Agree,StronglyAgree,StronglyAgree,StronglyAgree,Agree,Agree,Agree,Agree
6.342E+17,Agree,Agree,Neutral,Disagree,Neutral,Agree,Disagree,Agree,Neutral,Neutral
6.34202E+17,Agree,Agree,Agree,Agree,Neutral,Agree,Agree,Agree,Agree,Agree
6.34206E+17,Agree,Agree,Neutral,Disagree,Disagree,StronglyAgree,Agree,Agree,Neutral,Neutral
6.34208E+17,Neutral,Neutral,Neutral,Neutral,Neutral,Neutral,Neutral,Neutral,Neutral,Neutral
6.34208E+17,Neutral,Neutral,Neutral,Neutral,Neutral,Neutral,Neutral,Neutral,Neutral,Neutral
6.34208E+17,StronglyAgree,StronglyAgree,StronglyAgree,StronglyAgree,StronglyAgree,StronglyAgree,StronglyAgree,StronglyAgree,StronglyAgree,StronglyAgree
6.34209E+17,StronglyDisagree,Neutral,Neutral,Neutral,Neutral,StronglyDisagree,StronglyDisagree,StronglyDisagree,StronglyDisagree,Neutral
6.34209E+17,Agree,StronglyAgree,Agree,Disagree,Neutral,StronglyAgree,Neutral,Agree,Agree,Agree
6.34209E+17,Agree,Agree,Agree,Agree,Agree,Agree,Agree,Agree,Agree,Agree
6.34209E+17,Neutral,Neutral,Agree,Agree,Neutral,StronglyAgree,Agree,Agree,Disagree,Neutral
6.34212E+17,Disagree,Disagree,Neutral,Neutral,Disagree,Disagree,Disagree,StronglyAgree,Neutral,StronglyDisagree
6.34212E+17,Neutral,Neutral,Neutral,Agree,Neutral,Agree,Agree,Neutral,StronglyAgree,StronglyAgree
6.34213E+17,StronglyAgree,StronglyAgree,Neutral,Disagree,Neutral,StronglyAgree,StronglyAgree,StronglyAgree,Neutral,Agree
6.34214E+17,Agree,Neutral,Disagree,Disagree,Neutral,Agree,Neutral,Agree,Agree,Neutral
6.34218E+17,Agree,Agree,Agree,Agree,Neutral,StronglyAgree,StronglyAgree,StronglyAgree,StronglyAgree,StronglyAgree
6.34219E+17,Agree,Neutral,Disagree,Disagree,Neutral,StronglyAgree,Agree,Agree,Neutral,StronglyDisagree
6.34219E+17,StronglyDisagree,Neutral,StronglyDisagree,Agree,Disagree,StronglyAgree,StronglyDisagree,StronglyAgree,StronglyDisagree,Disagree
6.34219E+17,StronglyAgree,StronglyAgree,StronglyAgree,StronglyAgree,StronglyAgree,Agree,Agree,Agree,Agree,Agree
6.34219E+17,StronglyAgree,StronglyAgree,StronglyAgree,StronglyAgree,StronglyAgree,StronglyAgree,StronglyAgree,StronglyAgree,StronglyAgree,StronglyAgree
6.3422E+17,Neutral,Neutral,Neutral,Agree,StronglyDisagree,StronglyAgree,Neutral,Agree,Agree,StronglyDisagree
6.34221E+17,Agree,Neutral,Neutral,Neutral,Agree,Neutral,Disagree,Neutral,StronglyAgree,StronglyAgree
6.34224E+17,StronglyAgree,StronglyAgree,StronglyAgree,StronglyAgree,Agree,Agree,Agree,Agree,StronglyAgree,Agree
6.34224E+17,Agree,StronglyAgree,StronglyAgree,Agree,Agree,StronglyAgree,StronglyAgree,Agree,StronglyAgree,StronglyAgree
6.34226E+17,Neutral,Agree,Neutral,Agree,StronglyAgree,Neutral,Agree,Agree,Agree,StronglyAgree
6.34227E+17,Agree,Neutral,StronglyDisagree,Disagree,StronglyDisagree,Agree,Disagree,Neutral,Neutral,Agree
6.34227E+17,Disagree,Disagree,Disagree,Agree,Disagree,Agree,Agree,Disagree,Disagree,Disagree
6.34227E+17,StronglyAgree,StronglyAgree,StronglyAgree,StronglyAgree,StronglyAgree,StronglyAgree,StronglyAgree,StronglyAgree,StronglyAgree,StronglyAgree
6.34231E+17,Agree,Disagree,Disagree,Disagree,Disagree,Agree,StronglyDisagree,Agree,Neutral,Neutral
6.34232E+17,Agree,Agree,Neutral,Agree,Agree,Agree,Agree,Neutral,Agree,Agree
6.34236E+17,Agree,Agree,Neutral,Disagree,Disagree,StronglyAgree,StronglyAgree,Disagree,StronglyDisagree,StronglyAgree
6.34238E+17,Agree,StronglyDisagree,StronglyDisagree,Agree,StronglyDisagree,Agree,Disagree,Agree,StronglyDisagree,Disagree
6.34239E+17,Disagree,Disagree,Neutral,Agree,Agree,StronglyAgree,Disagree,Agree,Agree,StronglyAgree
6.34242E+17,Neutral,StronglyDisagree,StronglyDisagree,StronglyDisagree,Neutral,Agree,StronglyDisagree,Agree,Neutral,Disagree
6.34244E+17,Agree,Agree,Agree,Agree,Agree,Agree,Agree,Agree,Agree,Agree
6.34244E+17,Agree,Disagree,Agree,Agree,Neutral,Agree,Agree,Agree,Neutral,Agree
6.34245E+17,StronglyAgree,StronglyAgree,StronglyAgree,Neutral,Agree,Agree,StronglyAgree,StronglyAgree,StronglyAgree,StronglyAgree
6.3425E+17,Agree,Agree,Agree,Agree,Agree,StronglyAgree,Agree,Agree,Agree,Agree
6.34251E+17,Disagree,Disagree,StronglyDisagree,Disagree,Neutral,Agree,Disagree,Agree,Neutral,StronglyDisagree
6.34251E+17,StronglyDisagree,Disagree,StronglyDisagree,Agree,StronglyDisagree,Agree,StronglyDisagree,StronglyDisagree,StronglyDisagree,StronglyDisagree
6.3426E+17,Agree,Neutral,Agree,Agree,Neutral,StronglyAgree,Agree,Agree,Agree,StronglyAgree
6.34261E+17,Disagree,Neutral,StronglyDisagree,Disagree,Neutral,StronglyAgree,StronglyDisagree,Agree,Agree,StronglyAgree
6.34267E+17,Agree,Neutral,Disagree,Disagree,Disagree,Agree,Disagree,Agree,Agree,StronglyAgree
6.34268E+17,Disagree,Agree,StronglyAgree,Neutral,Neutral,Agree,StronglyAgree,Neutral,Neutral,Agree
6.34268E+17,Disagree,Neutral,Neutral,Agree,Neutral,Neutral,Agree,Agree,Agree,Agree
6.34268E+17,Disagree,Disagree,Disagree,Neutral,StronglyDisagree,StronglyAgree,StronglyDisagree,Agree,Agree,Agree
6.34269E+17,Disagree,StronglyDisagree,StronglyDisagree,Agree,Agree,StronglyAgree,StronglyDisagree,Agree,StronglyAgree,Disagree
6.34273E+17,Agree,Neutral,Agree,Neutral,Agree,StronglyAgree,StronglyAgree,Agree,Agree,StronglyAgree
6.34274E+17,Agree,Disagree,StronglyDisagree,StronglyDisagree,StronglyDisagree,StronglyAgree,Neutral,Disagree,Disagree,Disagree
6.34275E+17,Disagree,Disagree,Disagree,StronglyDisagree,StronglyDisagree,Disagree,Agree,Agree,Agree,Neutral
6.34281E+17,Agree,Agree,Neutral,Neutral,Neutral,Agree,Agree,Agree,Neutral,Neutral
6.34281E+17,Disagree,Disagree,Agree,Neutral,Neutral,Agree,Disagree,Agree,Agree,Neutral
6.34281E+17,Agree,Agree,Agree,Agree,Agree,StronglyAgree,StronglyAgree,StronglyAgree,StronglyAgree,Agree
6.34285E+17,Neutral,Neutral,Agree,Agree,StronglyDisagree,Agree,Neutral,Neutral,Disagree,Neutral
6.34286E+17,Agree,Agree,Disagree,Disagree,Disagree,StronglyDisagree,StronglyDisagree,Agree,Agree,Disagree
6.34286E+17,Neutral,Agree,Agree,Agree,Neutral,StronglyAgree,Agree,Agree,StronglyAgree,StronglyAgree
6.34299E+17,Agree,Agree,Agree,Disagree,Disagree,StronglyAgree,Disagree,Disagree,StronglyAgree,StronglyAgree
6.34305E+17,StronglyDisagree,StronglyDisagree,StronglyDisagree,StronglyDisagree,StronglyDisagree,Agree,Neutral,Disagree,Neutral,Agree
6.3431E+17,Agree,Agree,Agree,Agree,Agree,Agree,Agree,Neutral,Agree,Agree
6.3431E+17,Neutral,Neutral,Neutral,Agree,Agree,Agree,Neutral,Agree,StronglyAgree,StronglyAgree
6.34311E+17,Agree,Neutral,Neutral,StronglyDisagree,Neutral,Agree,Agree,Neutral,Neutral,Neutral
6.34314E+17,Agree,Agree,Neutral,Agree,StronglyAgree,StronglyAgree,Agree,Agree,Agree,Agree
6.34315E+17,Agree,Agree,Agree,Agree,Neutral,StronglyAgree,StronglyAgree,StronglyAgree,StronglyAgree,StronglyAgree
6.34317E+17,Neutral,Neutral,Disagree,Agree,Neutral,Agree,Neutral,Disagree,Disagree,Agree
6.34318E+17,Neutral,Agree,Agree,Agree,Agree,Agree,Agree,Agree,Agree,Agree
6.34318E+17,Agree,StronglyAgree,Neutral,StronglyAgree,StronglyAgree,StronglyAgree,StronglyAgree,Agree,Disagree,StronglyAgree
6.34323E+17,Agree,Disagree,Neutral,Agree,Disagree,StronglyAgree,StronglyDisagree,Agree,Agree,StronglyAgree
6.34323E+17,Agree,StronglyDisagree,Neutral,Agree,Disagree,StronglyAgree,StronglyDisagree,Agree,Agree,StronglyAgree
6.34324E+17,Agree,StronglyDisagree,Neutral,Agree,Disagree,StronglyAgree,StronglyDisagree,Agree,Agree,StronglyAgree
6.34324E+17,Agree,Neutral,Disagree,StronglyDisagree,Disagree,Agree,StronglyAgree,StronglyDisagree,Neutral,StronglyAgree
6.34324E+17,Agree,Agree,Disagree,Agree,Disagree,StronglyAgree,Agree,Agree,Agree,StronglyAgree
6.34326E+17,Agree,Agree,Agree,Agree,Agree,Agree,Neutral,Agree,Agree,Agree
6.34326E+17,StronglyAgree,StronglyAgree,StronglyAgree,StronglyAgree,StronglyAgree,StronglyAgree,StronglyAgree,Neutral,StronglyAgree,StronglyAgree
6.34328E+17,StronglyAgree,StronglyAgree,StronglyAgree,StronglyAgree,Neutral,StronglyAgree,StronglyAgree,Neutral,Neutral,StronglyAgree
6.34328E+17,Disagree,Disagree,Disagree,Agree,Disagree,StronglyAgree,Disagree,Agree,Disagree,Agree
6.34328E+17,Agree,StronglyDisagree,StronglyDisagree,Disagree,StronglyDisagree,Agree,Disagree,Agree,StronglyDisagree,StronglyAgree
6.3433E+17,Agree,StronglyAgree,StronglyAgree,StronglyAgree,StronglyAgree,StronglyAgree,StronglyAgree,StronglyAgree,StronglyAgree,StronglyAgree
6.3433E+17,Agree,Neutral,Disagree,Neutral,Neutral,StronglyAgree,Agree,Agree,Agree,Agree
6.34333E+17,Neutral,Neutral,Neutral,Agree,Neutral,Neutral,Neutral,Neutral,Neutral,Neutral
6.34333E+17,Agree,Agree,Disagree,Disagree,Disagree,Agree,Agree,Agree,Agree,Disagree
6.3434E+17,Neutral,Agree,Neutral,Agree,Disagree,Agree,Agree,Disagree,Neutral,Neutral
6.34341E+17,Agree,Neutral,Neutral,Disagree,Disagree,Neutral,StronglyDisagree,StronglyAgree,StronglyDisagree,Disagree
6.34345E+17,Neutral,StronglyDisagree,Neutral,Neutral,StronglyDisagree,Agree,Disagree,Neutral,Neutral,Disagree
6.34346E+17,Disagree,Disagree,Neutral,Disagree,Disagree,Agree,Disagree,Agree,Agree,Agree
6.34346E+17,Agree,Agree,Agree,Neutral,Agree,Agree,Agree,Agree,Agree,Agree
6.34352E+17,Neutral,Agree,Agree,Agree,Neutral,Agree,Agree,Agree,Neutral,Agree
6.34353E+17,Agree,Agree,Agree,Agree,Disagree,Agree,StronglyDisagree,Agree,Agree,Agree
6.34357E+17,StronglyAgree,StronglyAgree,StronglyAgree,Neutral,Neutral,Neutral,Neutral,Agree,Neutral,Neutral
6.34357E+17,Agree,Agree,Neutral,Agree,Neutral,Agree,StronglyAgree,Neutral,Agree,Agree
6.34357E+17,StronglyAgree,StronglyAgree,Neutral,StronglyAgree,StronglyAgree,StronglyAgree,StronglyAgree,Disagree,Disagree,StronglyAgree
6.34357E+17,Agree,Agree,Disagree,Neutral,StronglyAgree,StronglyAgree,Agree,StronglyAgree,StronglyAgree,StronglyAgree
6.34358E+17,StronglyAgree,StronglyAgree,StronglyAgree,StronglyAgree,StronglyAgree,StronglyAgree,Agree,StronglyAgree,Agree,StronglyAgree
6.34358E+17,Agree,Neutral,Agree,Disagree,StronglyDisagree,StronglyAgree,StronglyAgree,StronglyAgree,StronglyAgree,StronglyAgree
6.34359E+17,Neutral,StronglyDisagree,StronglyDisagree,Agree,Disagree,StronglyAgree,Disagree,StronglyDisagree,StronglyDisagree,Neutral
6.3436E+17,Agree,Agree,Agree,Agree,Neutral,StronglyAgree,Disagree,Neutral,Agree,Neutral
6.34363E+17,Agree,Agree,Agree,Agree,Neutral,StronglyAgree,StronglyAgree,Agree,Agree,Agree
6.34365E+17,Agree,StronglyAgree,StronglyDisagree,Agree,Neutral,StronglyAgree,StronglyDisagree,Agree,StronglyDisagree,Neutral
6.34365E+17,Agree,Agree,Neutral,Disagree,Agree,Agree,Neutral,StronglyDisagree,StronglyDisagree,StronglyAgree
6.34366E+17,Neutral,Agree,Neutral,Agree,Agree,StronglyAgree,Agree,Agree,StronglyAgree,StronglyAgree
6.34366E+17,Agree,Neutral,StronglyDisagree,StronglyAgree,Neutral,Agree,StronglyAgree,StronglyAgree,StronglyAgree,StronglyAgree
6.3437E+17,Disagree,Disagree,Disagree,StronglyAgree,Disagree,Agree,Disagree,Agree,Agree,Agree
6.3437E+17,Agree,Neutral,Neutral,Agree,StronglyDisagree,Agree,StronglyDisagree,Agree,Agree,StronglyDisagree
6.34371E+17,StronglyDisagree,StronglyDisagree,StronglyDisagree,StronglyDisagree,StronglyDisagree,Agree,Agree,StronglyDisagree,StronglyDisagree,StronglyDisagree
6.34372E+17,Agree,Agree,Disagree,Disagree,Disagree,StronglyAgree,StronglyAgree,Agree,Agree,StronglyAgree
6.34376E+17,Agree,Agree,Neutral,Agree,Agree,Agree,Agree,Agree,StronglyAgree,StronglyAgree
6.34381E+17,Neutral,Neutral,Neutral,Neutral,Neutral,Neutral,Neutral,Neutral,Neutral,Neutral
6.34383E+17,Agree,Agree,Agree,Agree,Agree,Agree,Agree,Agree,Agree,Agree
6.34389E+17,Neutral,Agree,Agree,Agree,Neutral,Agree,Agree,Agree,Agree,Agree
6.34389E+17,StronglyAgree,Agree,Neutral,Agree,Neutral,StronglyAgree,Agree,Agree,Agree,StronglyAgree
6.34389E+17,Neutral,Neutral,Neutral,StronglyDisagree,Neutral,StronglyAgree,StronglyAgree,Agree,Agree,StronglyAgree
6.34395E+17,Neutral,Agree,Disagree,Neutral,Agree,StronglyAgree,StronglyAgree,StronglyAgree,StronglyAgree,Agree
6.34395E+17,Agree,Disagree,Neutral,Agree,Neutral,StronglyAgree,StronglyAgree,Agree,Disagree,StronglyAgree
6.34396E+17,StronglyAgree,Agree,Agree,Agree,Agree,Agree,Neutral,Agree,Agree,Agree
6.344E+17,StronglyAgree,StronglyAgree,StronglyAgree,Agree,Neutral,StronglyAgree,Neutral,StronglyAgree,StronglyAgree,Neutral
6.34408E+17,StronglyAgree,StronglyAgree,Neutral,Disagree,Neutral,StronglyAgree,StronglyAgree,Neutral,Agree,Agree
6.34411E+17,Neutral,Neutral,StronglyDisagree,Neutral,Neutral,Agree,Disagree,Neutral,Neutral,Disagree
6.34413E+17,Neutral,Disagree,Disagree,Neutral,Disagree,Agree,Disagree,Agree,Disagree,Neutral
6.34414E+17,StronglyAgree,StronglyAgree,StronglyAgree,StronglyAgree,Agree,StronglyAgree,StronglyAgree,StronglyAgree,StronglyAgree,StronglyAgree
6.34418E+17,StronglyDisagree,StronglyDisagree,Neutral,Neutral,Neutral,Agree,StronglyDisagree,Agree,Agree,Neutral
6.34418E+17,Agree,Agree,Disagree,StronglyDisagree,Disagree,StronglyAgree,Disagree,StronglyDisagree,StronglyDisagree,StronglyDisagree
6.3442E+17,Neutral,Agree,Neutral,StronglyDisagree,Disagree,Agree,Disagree,StronglyAgree,Agree,Disagree
6.3442E+17,StronglyAgree,StronglyAgree,StronglyAgree,Neutral,StronglyAgree,StronglyAgree,StronglyAgree,Agree,StronglyAgree,StronglyAgree
6.34421E+17,Agree,Agree,Agree,Agree,Agree,Agree,Agree,Agree,Agree,Agree
6.34423E+17,Agree,Agree,Neutral,Neutral,Agree,StronglyAgree,Agree,Agree,Agree,Agree
6.34425E+17,Neutral,Neutral,Neutral,Neutral,Disagree,Neutral,Agree,Disagree,Disagree,Agree
6.34426E+17,Agree,Agree,Agree,Agree,Neutral,Agree,Agree,Agree,Agree,Agree
6.3443E+17,Neutral,Neutral,Neutral,Neutral,Neutral,Neutral,Neutral,Neutral,Neutral,Neutral
6.3443E+17,Neutral,Agree,Neutral,Disagree,Agree,Agree,StronglyDisagree,StronglyAgree,StronglyAgree,Agree
6.34432E+17,StronglyAgree,StronglyAgree,StronglyAgree,StronglyDisagree,Agree,Agree,StronglyAgree,Agree,Agree,Agree
6.34436E+17,Agree,Agree,Neutral,Neutral,Neutral,StronglyAgree,Disagree,StronglyAgree,Agree,Agree
6.34439E+17,Disagree,Disagree,Agree,Disagree,StronglyDisagree,Agree,Agree,Agree,Disagree,Neutral
6.34444E+17,Agree,Agree,Disagree,StronglyDisagree,StronglyDisagree,Neutral,Neutral,Agree,Agree,Neutral
6.34445E+17,StronglyDisagree,StronglyDisagree,Neutral,Disagree,Disagree,StronglyAgree,Agree,Neutral,Agree,Disagree
6.34451E+17,StronglyAgree,Agree,Agree,Agree,Agree,StronglyAgree,Agree,StronglyAgree,Agree,StronglyAgree
6.34454E+17,Agree,Neutral,Disagree,Neutral,Agree,Agree,Agree,Agree,Agree,Neutral
6.34454E+17,Neutral,Neutral,Disagree,Neutral,Neutral,Agree,Neutral,Agree,Neutral,StronglyAgree
6.34455E+17,Neutral,Neutral,Neutral,Agree,Neutral,Agree,Agree,Agree,Agree,Neutral
6.34456E+17,Disagree,Neutral,Neutral,Neutral,Disagree,Agree,Agree,Disagree,StronglyDisagree,Disagree
6.34461E+17,StronglyDisagree,StronglyDisagree,Disagree,Disagree,Disagree,StronglyAgree,StronglyAgree,Agree,Agree,StronglyAgree
6.34461E+17,Disagree,Disagree,Neutral,Disagree,StronglyDisagree,Agree,Disagree,Agree,Agree,StronglyDisagree
6.34463E+17,StronglyAgree,StronglyAgree,Neutral,Disagree,StronglyAgree,StronglyAgree,Disagree,StronglyAgree,StronglyAgree,StronglyAgree
6.34465E+17,Neutral,StronglyDisagree,StronglyDisagree,Agree,Agree,Agree,StronglyDisagree,Agree,Agree,Agree
6.34466E+17,StronglyAgree,Agree,Neutral,Agree,Agree,StronglyAgree,StronglyAgree,Neutral,Neutral,Agree
6.34466E+17,Agree,StronglyAgree,Neutral,Agree,Agree,Agree,Agree,Agree,Agree,Agree
6.34466E+17,Agree,Agree,Agree,Agree,Agree,Agree,Agree,Agree,Disagree,Agree
6.34468E+17,Neutral,Disagree,Disagree,StronglyDisagree,Disagree,Agree,Agree,Disagree,Disagree,Agree
6.34468E+17,Agree,Neutral,Neutral,Agree,Agree,StronglyAgree,Neutral,StronglyAgree,StronglyAgree,Neutral
6.34468E+17,Agree,Agree,Neutral,Neutral,Agree,Agree,Agree,Agree,Agree,Agree
6.34469E+17,Neutral,Agree,Neutral,Disagree,Agree,Agree,Agree,Agree,Agree,Agree
6.34474E+17,Agree,Agree,Agree,Neutral,Neutral,StronglyAgree,Neutral,StronglyAgree,Agree,Agree
6.34475E+17,Neutral,Agree,Neutral,Neutral,StronglyDisagree,StronglyAgree,Agree,Agree,Agree,Agree
6.34475E+17,Agree,Disagree,StronglyDisagree,Agree,StronglyDisagree,StronglyAgree,StronglyDisagree,Disagree,Neutral,StronglyDisagree
6.3448E+17,Disagree,Agree,StronglyDisagree,StronglyDisagree,Neutral,StronglyAgree,Neutral,StronglyAgree,StronglyAgree,StronglyAgree
6.34481E+17,StronglyDisagree,StronglyDisagree,StronglyDisagree,StronglyDisagree,StronglyDisagree,StronglyAgree,StronglyAgree,StronglyDisagree,StronglyDisagree,StronglyDisagree
6.34484E+17,StronglyAgree,StronglyAgree,Agree,StronglyAgree,StronglyAgree,StronglyAgree,StronglyAgree,Agree,Agree,StronglyAgree
6.34485E+17,Agree,Agree,StronglyDisagree,StronglyDisagree,Disagree,StronglyAgree,Neutral,Agree,Agree,Agree
6.34492E+17,Neutral,Neutral,Neutral,Agree,Neutral,Agree,Agree,Agree,Neutral,Agree
6.34492E+17,Neutral,Neutral,Neutral,Agree,StronglyDisagree,Disagree,Disagree,StronglyAgree,StronglyAgree,Agree
6.34492E+17,Neutral,Neutral,Neutral,Agree,Agree,StronglyAgree,Disagree,StronglyAgree,StronglyAgree,Neutral
6.34496E+17,StronglyAgree,Agree,Agree,Agree,Neutral,Agree,Neutral,Agree,Agree,StronglyAgree
6.34497E+17,Agree,Agree,Agree,Disagree,Disagree,StronglyAgree,Disagree,Agree,Agree,Disagree
6.34498E+17,Agree,Agree,Neutral,Disagree,Disagree,Neutral,Agree,StronglyAgree,StronglyDisagree,StronglyAgree
6.34498E+17,Agree,Agree,Agree,Agree,Agree,StronglyAgree,StronglyAgree,Disagree,Disagree,Neutral
6.34498E+17,StronglyAgree,StronglyAgree,Neutral,StronglyAgree,StronglyAgree,StronglyAgree,StronglyAgree,Neutral,StronglyAgree,Agree
6.34499E+17,Agree,Agree,Agree,StronglyDisagree,Neutral,Agree,Disagree,Agree,Neutral,Agree
6.34509E+17,Agree,Agree,Neutral,Neutral,Neutral,StronglyAgree,Disagree,Agree,Agree,Agree
6.3451E+17,StronglyAgree,StronglyAgree,StronglyAgree,StronglyAgree,StronglyAgree,StronglyAgree,StronglyAgree,StronglyAgree,Disagree,StronglyAgree
6.34516E+17,Disagree,Neutral,StronglyAgree,StronglyAgree,StronglyDisagree,Agree,Disagree,Disagree,Disagree,StronglyDisagree
6.34517E+17,Neutral,Agree,Disagree,Neutral,Neutral,StronglyAgree,Disagree,Agree,StronglyAgree,Agree
6.3452E+17,Agree,Agree,Neutral,StronglyAgree,StronglyAgree,StronglyAgree,StronglyAgree,Agree,StronglyAgree,Agree
6.34521E+17,Agree,Agree,Agree,Agree,Neutral,Neutral,Neutral,Neutral,Neutral,Neutral
6.34522E+17,Agree,Agree,Neutral,Agree,Neutral,StronglyAgree,StronglyAgree,Agree,Agree,Agree
6.34526E+17,StronglyAgree,Agree,Neutral,StronglyAgree,Neutral,Agree,Neutral,StronglyAgree,Neutral,Neutral
6.34526E+17,Neutral,Neutral,StronglyDisagree,Neutral,Neutral,Agree,StronglyDisagree,Agree,Agree,Neutral
6.34528E+17,Disagree,Disagree,Neutral,Agree,StronglyDisagree,StronglyDisagree,Disagree,Neutral,Agree,Neutral
6.34528E+17,StronglyAgree,Agree,Neutral,Agree,Agree,StronglyAgree,StronglyAgree,StronglyAgree,Agree,StronglyAgree
6.34529E+17,Agree,Agree,Neutral,Agree,Disagree,StronglyAgree,Disagree,Agree,Agree,Agree
6.34529E+17,StronglyAgree,StronglyAgree,StronglyAgree,StronglyAgree,StronglyAgree,StronglyAgree,StronglyAgree,StronglyAgree,StronglyAgree,StronglyAgree
6.34529E+17,Agree,Agree,Neutral,Agree,Agree,Agree,Agree,Agree,Agree,Agree
6.34534E+17,StronglyAgree,StronglyAgree,Agree,Agree,Neutral,Neutral,Neutral,Neutral,Neutral,Neutral
6.34535E+17,StronglyDisagree,Disagree,StronglyDisagree,StronglyAgree,StronglyDisagree,Disagree,Neutral,StronglyAgree,StronglyAgree,StronglyAgree
6.34541E+17,Neutral,Neutral,Neutral,Neutral,Neutral,Agree,Neutral,Agree,Agree,Agree
6.34541E+17,Neutral,Agree,Agree,Neutral,Neutral,StronglyAgree,Agree,Agree,Agree,StronglyAgree
6.3455E+17,Neutral,Agree,Agree,Disagree,StronglyDisagree,StronglyAgree,Neutral,Agree,Agree,StronglyAgree
6.3455E+17,Agree,Agree,Disagree,Disagree,Agree,Agree,Agree,StronglyAgree,StronglyAgree,Agree
6.3455E+17,Neutral,Neutral,Neutral,Neutral,Neutral,Agree,Neutral,Agree,Agree,Neutral
6.34551E+17,Neutral,Agree,Agree,Agree,Neutral,Agree,Neutral,Disagree,Neutral,Agree
6.34552E+17,Agree,Agree,StronglyDisagree,Agree,Disagree,StronglyAgree,Disagree,Agree,Agree,Agree
6.34552E+17,Agree,Agree,Agree,Agree,Agree,Agree,Agree,Agree,Agree,Agree
6.34553E+17,Agree,Agree,Disagree,Neutral,Agree,StronglyAgree,StronglyAgree,Agree,Agree,StronglyAgree
6.34553E+17,Disagree,Neutral,Neutral,Neutral,Disagree,Agree,Neutral,Neutral,Disagree,Disagree
6.34553E+17,Agree,Neutral,Neutral,Agree,Agree,Agree,Agree,Agree,Agree,Agree
6.34554E+17,Agree,StronglyAgree,Agree,Neutral,Agree,StronglyAgree,StronglyAgree,Agree,StronglyAgree,StronglyAgree
6.34554E+17,Agree,Agree,Agree,Agree,Neutral,Neutral,Agree,Neutral,Neutral,Agree
6.34554E+17,StronglyAgree,StronglyAgree,StronglyAgree,StronglyAgree,StronglyAgree,StronglyAgree,StronglyAgree,StronglyAgree,StronglyAgree,StronglyAgree
6.34556E+17,StronglyAgree,Agree,Agree,Agree,Neutral,Agree,Agree,Agree,Agree,Agree
6.34556E+17,StronglyAgree,StronglyAgree,Agree,Agree,Agree,StronglyAgree,Agree,Agree,Agree,StronglyAgree
6.34556E+17,Agree,Agree,Neutral,Agree,Neutral,Agree,Agree,Agree,StronglyAgree,StronglyAgree
6.34557E+17,Agree,Agree,Disagree,Disagree,Agree,StronglyAgree,StronglyAgree,Agree,Neutral,Agree
6.34557E+17,Neutral,Neutral,Neutral,StronglyDisagree,StronglyDisagree,Neutral,Neutral,Neutral,StronglyDisagree,Neutral
6.34558E+17,Neutral,Disagree,Disagree,StronglyDisagree,Disagree,Agree,Neutral,Agree,Agree,Disagree
6.34558E+17,Neutral,Agree,Agree,Neutral,Neutral,Agree,Agree,Agree,Agree,Agree
6.34559E+17,Agree,StronglyAgree,Agree,Agree,StronglyDisagree,StronglyAgree,StronglyAgree,Agree,Agree,Agree
6.34559E+17,StronglyAgree,StronglyAgree,StronglyAgree,StronglyAgree,Neutral,StronglyAgree,StronglyAgree,StronglyAgree,StronglyAgree,StronglyAgree
6.34564E+17,Agree,Agree,Neutral,Disagree,Neutral,Agree,Agree,Agree,Agree,Agree
6.34564E+17,StronglyAgree,StronglyAgree,StronglyDisagree,StronglyDisagree,Disagree,StronglyAgree,Agree,Neutral,Agree,Disagree
6.34564E+17,Neutral,Neutral,Neutral,Neutral,Neutral,Neutral,Neutral,Neutral,Neutral,Neutral
6.34564E+17,Agree,Agree,Neutral,Disagree,Disagree,Agree,Agree,Neutral,Agree,Disagree
6.34564E+17,Disagree,Disagree,Neutral,StronglyDisagree,Disagree,StronglyAgree,Neutral,Disagree,Disagree,Agree
6.34564E+17,Neutral,Neutral,StronglyDisagree,Agree,StronglyDisagree,StronglyAgree,Agree,Agree,Agree,Agree
6.34564E+17,Agree,Agree,StronglyDisagree,StronglyDisagree,Disagree,StronglyAgree,Disagree,StronglyAgree,Agree,Agree
6.34565E+17,Agree,StronglyDisagree,StronglyDisagree,StronglyDisagree,Neutral,Neutral,StronglyDisagree,Neutral,StronglyAgree,Agree
6.34565E+17,Agree,Disagree,Neutral,Agree,Disagree,Neutral,StronglyDisagree,Disagree,Neutral,Neutral
6.34565E+17,StronglyAgree,StronglyAgree,Agree,Agree,Neutral,StronglyAgree,StronglyAgree,StronglyAgree,Agree,Agree
6.34565E+17,Neutral,Neutral,StronglyDisagree,StronglyDisagree,StronglyDisagree,Agree,Agree,Agree,Agree,Agree
6.34566E+17,Neutral,Neutral,Neutral,Neutral,Neutral,Neutral,Neutral,Neutral,Neutral,Neutral
6.34568E+17,Agree,Agree,Agree,Agree,StronglyDisagree,Agree,Neutral,Agree,Agree,Neutral
6.34568E+17,Agree,StronglyAgree,Neutral,Agree,Neutral,StronglyAgree,Agree,Agree,Agree,StronglyAgree
6.34568E+17,Agree,Agree,Agree,Disagree,Disagree,StronglyAgree,Agree,Agree,Agree,Agree
6.34568E+17,Disagree,Disagree,Neutral,StronglyDisagree,StronglyDisagree,StronglyAgree,Agree,Disagree,Disagree,Disagree
6.3457E+17,StronglyDisagree,Disagree,StronglyDisagree,Neutral,StronglyDisagree,Neutral,Disagree,Agree,Neutral,Neutral
6.3457E+17,StronglyAgree,StronglyAgree,StronglyAgree,StronglyAgree,Neutral,StronglyAgree,StronglyAgree,StronglyAgree,StronglyAgree,StronglyAgree
6.34571E+17,Agree,Agree,Neutral,Neutral,Agree,Agree,Neutral,Agree,Agree,Agree
6.34571E+17,Neutral,Neutral,StronglyDisagree,StronglyDisagree,StronglyDisagree,Disagree,StronglyDisagree,Neutral,Neutral,StronglyDisagree
6.34571E+17,Agree,Agree,Agree,Neutral,Neutral,StronglyAgree,Agree,Agree,Agree,StronglyAgree
6.34574E+17,Neutral,Agree,StronglyDisagree,Disagree,StronglyDisagree,Agree,Disagree,Disagree,Agree,Disagree
6.34575E+17,Agree,Agree,Neutral,Disagree,StronglyDisagree,StronglyAgree,Agree,Agree,Agree,StronglyAgree
6.34575E+17,Agree,Agree,Neutral,Disagree,Agree,Agree,Agree,Agree,Agree,Agree
6.34575E+17,Agree,Agree,Agree,Agree,Disagree,Agree,Agree,Agree,Agree,Disagree
6.34575E+17,Agree,Agree,Neutral,Neutral,Neutral,Agree,Agree,Neutral,Neutral,Neutral
6.34575E+17,Neutral,Neutral,Disagree,Disagree,Neutral,Agree,Neutral,Disagree,Disagree,Neutral
6.34575E+17,Agree,Agree,Agree,Agree,StronglyDisagree,Agree,Neutral,Agree,Agree,Agree
6.34576E+17,Disagree,Agree,StronglyDisagree,Agree,Agree,Agree,Agree,Agree,Agree,Agree
6.34576E+17,Agree,StronglyDisagree,Neutral,Agree,StronglyDisagree,StronglyAgree,StronglyDisagree,StronglyAgree,Disagree,StronglyDisagree
6.34576E+17,Agree,StronglyAgree,Agree,StronglyDisagree,Neutral,StronglyAgree,Agree,Agree,Agree,StronglyDisagree
6.34576E+17,Neutral,Neutral,Neutral,Agree,Agree,Neutral,Agree,Agree,Neutral,Neutral
6.34577E+17,StronglyAgree,StronglyAgree,Neutral,StronglyDisagree,StronglyAgree,StronglyAgree,StronglyAgree,StronglyAgree,StronglyAgree,StronglyAgree
6.34577E+17,Agree,Neutral,Neutral,Agree,Agree,StronglyAgree,Agree,StronglyAgree,StronglyAgree,StronglyAgree
6.34577E+17,Agree,Agree,Agree,Agree,Agree,Agree,Agree,Agree,Agree,Agree
6.34577E+17,Disagree,Neutral,StronglyDisagree,Disagree,StronglyDisagree,StronglyAgree,Neutral,StronglyDisagree,StronglyDisagree,StronglyDisagree
6.34578E+17,Agree,Neutral,Disagree,Disagree,Neutral,Agree,Agree,Agree,Agree,Neutral
6.34578E+17,Agree,Agree,Neutral,Neutral,Neutral,Agree,Neutral,Neutral,Neutral,Agree
6.34578E+17,StronglyAgree,StronglyAgree,Neutral,Neutral,Agree,StronglyAgree,StronglyAgree,StronglyAgree,StronglyAgree,StronglyAgree
6.3458E+17,Agree,StronglyAgree,Agree,Agree,Disagree,Agree,Agree,Agree,StronglyAgree,Agree
6.3458E+17,Agree,Agree,Agree,Agree,Neutral,Agree,Agree,Agree,Agree,Agree
6.34581E+17,StronglyAgree,StronglyAgree,Agree,Agree,Agree,Agree,Agree,Neutral,StronglyAgree,Neutral
6.34581E+17,Disagree,StronglyDisagree,StronglyDisagree,Disagree,StronglyDisagree,StronglyAgree,StronglyDisagree,StronglyDisagree,Agree,StronglyDisagree
6.34581E+17,Disagree,Disagree,Neutral,Neutral,Disagree,StronglyAgree,Neutral,Neutral,Neutral,Neutral
6.34581E+17,Neutral,Neutral,Disagree,Disagree,Disagree,StronglyAgree,Agree,Disagree,Agree,Agree
6.34581E+17,Agree,Agree,StronglyDisagree,Disagree,StronglyDisagree,StronglyAgree,Neutral,StronglyAgree,Agree,Disagree
6.34581E+17,Agree,Disagree,Disagree,Disagree,StronglyDisagree,Agree,Disagree,StronglyDisagree,Disagree,Neutral
6.34581E+17,StronglyDisagree,Neutral,StronglyDisagree,Agree,StronglyDisagree,Neutral,Disagree,Agree,Agree,StronglyDisagree
6.34581E+17,Disagree,Disagree,Neutral,Agree,Disagree,Neutral,Neutral,Neutral,Agree,Neutral
6.34581E+17,Agree,Agree,Agree,Disagree,Agree,Agree,Disagree,Agree,Agree,Agree
6.34581E+17,Agree,Neutral,Neutral,Agree,Neutral,Neutral,StronglyDisagree,StronglyDisagree,Neutral,StronglyDisagree
6.34581E+17,Neutral,Agree,StronglyDisagree,Agree,Neutral,StronglyAgree,StronglyAgree,Neutral,Neutral,Neutral
6.34582E+17,Agree,Neutral,Neutral,Agree,StronglyAgree,StronglyAgree,Neutral,Agree,Agree,Agree
6.34582E+17,Disagree,Disagree,Neutral,Neutral,Disagree,Agree,StronglyDisagree,Neutral,Neutral,Neutral
6.34582E+17,Agree,Agree,Neutral,StronglyDisagree,StronglyDisagree,Agree,Agree,Neutral,Agree,Disagree
6.34582E+17,Agree,Neutral,Disagree,Disagree,Disagree,Agree,Neutral,Neutral,Neutral,Agree
6.34582E+17,Agree,Agree,Neutral,Neutral,Disagree,Agree,Agree,Agree,Agree,Neutral
6.34582E+17,StronglyDisagree,StronglyDisagree,StronglyDisagree,Neutral,StronglyDisagree,Neutral,StronglyDisagree,Disagree,Neutral,StronglyDisagree
6.34582E+17,Agree,Agree,Agree,Agree,Disagree,Agree,Agree,Agree,Agree,Agree
6.34582E+17,Agree,Agree,Neutral,Agree,Neutral,Agree,Agree,Agree,Agree,Disagree
6.34583E+17,Agree,Agree,Disagree,Disagree,StronglyDisagree,Agree,Agree,Agree,Neutral,Disagree
6.34583E+17,Disagree,Neutral,Neutral,Agree,StronglyDisagree,StronglyAgree,Agree,Neutral,Neutral,Disagree
6.34583E+17,Agree,Agree,Disagree,Neutral,Disagree,StronglyAgree,Neutral,Agree,Agree,Agree
6.34583E+17,StronglyAgree,StronglyAgree,StronglyAgree,StronglyAgree,Neutral,Agree,Agree,Agree,Agree,Agree
6.34583E+17,Neutral,Neutral,Disagree,Neutral,StronglyDisagree,Neutral,Neutral,Neutral,Neutral,Disagree
6.34584E+17,StronglyAgree,StronglyAgree,Neutral,Agree,Agree,StronglyAgree,Agree,Neutral,Agree,Agree
6.34584E+17,StronglyDisagree,Neutral,Neutral,Agree,Disagree,StronglyAgree,Disagree,Disagree,Disagree,StronglyDisagree
6.34584E+17,StronglyDisagree,StronglyDisagree,StronglyDisagree,StronglyAgree,StronglyDisagree,StronglyAgree,StronglyDisagree,StronglyAgree,StronglyAgree,StronglyDisagree
6.34584E+17,Agree,Agree,Agree,Agree,Disagree,Agree,Agree,StronglyAgree,Agree,Disagree
6.34584E+17,StronglyAgree,Neutral,Neutral,Agree,Agree,StronglyAgree,StronglyAgree,StronglyAgree,StronglyAgree,Neutral
6.34584E+17,Disagree,Disagree,StronglyDisagree,StronglyDisagree,Disagree,Agree,Disagree,Agree,Neutral,Disagree
6.34586E+17,StronglyAgree,Agree,Disagree,Agree,Disagree,StronglyAgree,StronglyAgree,Agree,Agree,StronglyAgree
6.34587E+17,Agree,Agree,StronglyAgree,Disagree,Neutral,StronglyAgree,Agree,Neutral,Agree,Agree
6.34587E+17,Agree,Agree,Agree,Agree,Disagree,StronglyAgree,Agree,StronglyAgree,StronglyAgree,Agree
6.34587E+17,StronglyAgree,Neutral,Agree,Agree,Agree,Agree,Agree,Agree,Agree,Agree
6.34587E+17,StronglyDisagree,StronglyDisagree,StronglyDisagree,Neutral,StronglyDisagree,StronglyAgree,Disagree,StronglyAgree,Agree,Neutral
6.34587E+17,Disagree,StronglyDisagree,Disagree,StronglyDisagree,StronglyDisagree,StronglyAgree,StronglyDisagree,Neutral,Neutral,StronglyDisagree
6.34587E+17,StronglyAgree,StronglyAgree,Agree,StronglyAgree,Neutral,StronglyAgree,StronglyAgree,Agree,Agree,Agree
6.34588E+17,StronglyAgree,StronglyAgree,Agree,Agree,Agree,Agree,Agree,Disagree,Disagree,Agree
6.34589E+17,Agree,Neutral,StronglyDisagree,Agree,Disagree,Agree,Agree,Neutral,Neutral,Agree
6.34589E+17,Neutral,Agree,Neutral,Agree,Neutral,Agree,Agree,Agree,Agree,Neutral
6.34589E+17,Agree,Agree,Neutral,Neutral,Agree,Agree,Neutral,Agree,Agree,Agree
6.34589E+17,StronglyAgree,StronglyAgree,Neutral,Agree,StronglyAgree,StronglyAgree,StronglyAgree,Agree,Agree,StronglyAgree
6.3459E+17,Neutral,Neutral,Disagree,Agree,Disagree,StronglyAgree,StronglyAgree,Agree,StronglyAgree,Agree
6.34593E+17,Neutral,Neutral,Neutral,Disagree,Neutral,Agree,Agree,Agree,Agree,Agree
6.34593E+17,StronglyAgree,Neutral,Agree,Neutral,Agree,StronglyAgree,Disagree,Agree,Agree,StronglyAgree
6.34595E+17,StronglyAgree,StronglyAgree,Neutral,Agree,Agree,StronglyAgree,Agree,StronglyAgree,StronglyAgree,StronglyAgree
6.34596E+17,Neutral,Neutral,Neutral,Agree,Disagree,Agree,Agree,Neutral,Neutral,Agree
6.34596E+17,Agree,Agree,Neutral,Agree,Agree,StronglyAgree,Agree,Disagree,Neutral,StronglyAgree
6.34596E+17,Neutral,Agree,Neutral,StronglyAgree,StronglyAgree,StronglyAgree,Neutral,Agree,Neutral,Agree
6.34599E+17,StronglyAgree,StronglyAgree,Neutral,Agree,Disagree,Agree,Neutral,Agree,Agree,Neutral
6.34599E+17,Agree,Agree,Agree,Agree,Disagree,StronglyAgree,StronglyAgree,StronglyAgree,StronglyAgree,Neutral
6.346E+17,StronglyDisagree,StronglyDisagree,StronglyDisagree,StronglyDisagree,Disagree,Agree,Neutral,Agree,Agree,StronglyDisagree
6.346E+17,StronglyAgree,StronglyAgree,StronglyAgree,StronglyAgree,StronglyAgree,StronglyAgree,StronglyAgree,StronglyAgree,StronglyAgree,StronglyAgree
6.34601E+17,Agree,Neutral,Agree,Agree,Neutral,Agree,Agree,Agree,Neutral,Neutral
6.34612E+17,Neutral,Disagree,Disagree,Agree,StronglyDisagree,StronglyAgree,Disagree,Agree,Agree,Agree
6.34618E+17,Neutral,Neutral,Neutral,Neutral,Disagree,StronglyAgree,Neutral,Agree,StronglyDisagree,Agree
6.34619E+17,StronglyAgree,StronglyAgree,StronglyAgree,Agree,Agree,Agree,Agree,Neutral,Neutral,Neutral
6.3462E+17,Neutral,Neutral,Neutral,Neutral,Neutral,Agree,Agree,Agree,Agree,Agree
6.3462E+17,Agree,Agree,StronglyDisagree,Agree,Agree,Agree,Agree,Neutral,Neutral,Disagree
6.34624E+17,StronglyAgree,StronglyAgree,Neutral,StronglyAgree,Agree,StronglyAgree,Agree,StronglyAgree,StronglyAgree,StronglyAgree
6.34624E+17,Agree,Neutral,Neutral,Agree,Neutral,Agree,Neutral,Neutral,Neutral,Neutral
6.34626E+17,Neutral,Neutral,Neutral,Neutral,StronglyDisagree,Disagree,Disagree,Neutral,Neutral,Agree
6.34629E+17,StronglyAgree,StronglyAgree,Neutral,Agree,Neutral,StronglyAgree,Agree,StronglyAgree,StronglyAgree,StronglyAgree
6.34635E+17,Neutral,Agree,Disagree,Disagree,StronglyDisagree,Agree,StronglyAgree,Disagree,Disagree,StronglyDisagree
6.34635E+17,Agree,StronglyAgree,Agree,Agree,StronglyAgree,StronglyAgree,StronglyAgree,StronglyAgree,StronglyAgree,StronglyAgree
6.34636E+17,StronglyAgree,StronglyAgree,StronglyAgree,StronglyAgree,Neutral,StronglyAgree,StronglyAgree,StronglyAgree,StronglyAgree,StronglyAgree
6.34638E+17,StronglyAgree,StronglyAgree,Neutral,Disagree,Neutral,StronglyAgree,Agree,Agree,Agree,StronglyAgree
6.34638E+17,StronglyAgree,StronglyAgree,Neutral,Agree,Agree,StronglyAgree,StronglyDisagree,Agree,Agree,StronglyAgree
6.34638E+17,StronglyAgree,StronglyAgree,Neutral,Agree,Neutral,StronglyAgree,Agree,StronglyAgree,StronglyAgree,Agree
6.34638E+17,StronglyDisagree,StronglyDisagree,Neutral,Agree,StronglyDisagree,StronglyAgree,Disagree,Agree,Agree,Agree
6.34641E+17,Agree,Agree,Agree,Agree,Neutral,Agree,Agree,Agree,Agree,Agree
6.34648E+17,Neutral,Neutral,Neutral,Agree,Disagree,Agree,StronglyDisagree,Neutral,Agree,StronglyDisagree
6.34649E+17,StronglyAgree,StronglyAgree,Disagree,Disagree,Agree,Agree,Neutral,Agree,StronglyAgree,StronglyAgree
6.34649E+17,Agree,Agree,Neutral,StronglyDisagree,Disagree,StronglyAgree,StronglyAgree,Disagree,Disagree,Neutral
6.34651E+17,Agree,Agree,Disagree,Agree,Neutral,StronglyAgree,Disagree,StronglyAgree,StronglyAgree,StronglyAgree
6.34653E+17,Agree,StronglyAgree,Disagree,Agree,Disagree,Agree,Disagree,Agree,StronglyAgree,Disagree
6.34655E+17,StronglyDisagree,Agree,StronglyDisagree,Agree,StronglyDisagree,StronglyAgree,StronglyAgree,StronglyAgree,StronglyAgree,Disagree
6.34662E+17,Disagree,Agree,Neutral,Agree,StronglyDisagree,StronglyAgree,Agree,Agree,Disagree,Disagree
6.34665E+17,Agree,Agree,Agree,Agree,StronglyDisagree,Neutral,Agree,Neutral,Agree,Disagree
6.34665E+17,Neutral,Neutral,Disagree,Disagree,StronglyDisagree,Agree,Neutral,Neutral,Agree,Disagree
6.34667E+17,StronglyAgree,Agree,Agree,Agree,Agree,StronglyAgree,StronglyAgree,StronglyAgree,Agree,StronglyAgree
6.34668E+17,StronglyAgree,StronglyAgree,StronglyAgree,StronglyAgree,Disagree,StronglyAgree,StronglyAgree,Agree,StronglyAgree,StronglyAgree
6.34669E+17,Agree,Agree,Agree,Agree,Disagree,StronglyAgree,StronglyAgree,StronglyAgree,StronglyAgree,StronglyAgree
6.34669E+17,Disagree,Disagree,StronglyDisagree,Disagree,Neutral,Agree,Disagree,StronglyAgree,Agree,Neutral
6.34671E+17,StronglyDisagree,StronglyDisagree,StronglyDisagree,StronglyDisagree,Disagree,Agree,Agree,Agree,StronglyAgree,Agree
6.34671E+17,Disagree,StronglyDisagree,StronglyDisagree,Agree,StronglyDisagree,Agree,Neutral,Neutral,Agree,StronglyDisagree
6.34671E+17,Agree,Agree,Neutral,Neutral,Neutral,Agree,Disagree,Agree,Agree,Neutral
6.34675E+17,Agree,Disagree,StronglyDisagree,Neutral,Disagree,StronglyAgree,Disagree,Agree,Neutral,Agree
6.3468E+17,Agree,Agree,Neutral,Disagree,Neutral,StronglyAgree,Agree,StronglyAgree,Neutral,Agree
6.34683E+17,StronglyAgree,StronglyAgree,Neutral,StronglyDisagree,StronglyDisagree,Agree,StronglyAgree,StronglyDisagree,StronglyDisagree,StronglyDisagree
6.34684E+17,Agree,Agree,Neutral,Agree,Agree,StronglyAgree,Neutral,StronglyAgree,StronglyAgree,StronglyAgree
6.34685E+17,Agree,Agree,Neutral,StronglyAgree,Neutral,StronglyAgree,Disagree,StronglyAgree,StronglyAgree,Agree
6.34686E+17,StronglyAgree,Neutral,Neutral,Agree,Agree,StronglyAgree,Neutral,StronglyAgree,StronglyAgree,StronglyAgree
6.34686E+17,StronglyAgree,StronglyAgree,StronglyAgree,StronglyAgree,Agree,StronglyAgree,StronglyAgree,StronglyAgree,StronglyAgree,StronglyAgree
6.34687E+17,Disagree,Neutral,Disagree,Neutral,Neutral,Agree,Agree,Agree,Agree,Agree
6.34687E+17,Agree,Agree,Agree,Agree,Agree,Agree,Agree,Agree,Agree,Agree
6.34689E+17,StronglyDisagree,StronglyDisagree,StronglyDisagree,Neutral,Agree,Agree,Agree,Agree,Agree,StronglyDisagree
6.34692E+17,Agree,Neutral,Neutral,Agree,Disagree,StronglyAgree,Neutral,StronglyAgree,StronglyAgree,Agree
6.34696E+17,Agree,Agree,Neutral,Neutral,StronglyDisagree,Agree,Neutral,Neutral,Agree,Agree
6.34697E+17,Agree,Agree,Agree,Disagree,Agree,Agree,Agree,Agree,Agree,Agree
6.34698E+17,Agree,Neutral,Agree,Agree,Agree,Agree,Neutral,Agree,Neutral,Agree
6.34699E+17,Agree,Agree,Disagree,Neutral,Agree,StronglyAgree,StronglyAgree,Agree,Agree,Neutral
6.34702E+17,Disagree,StronglyAgree,StronglyDisagree,StronglyDisagree,Disagree,Disagree,StronglyAgree,Disagree,Disagree,Agree
6.34702E+17,Neutral,Neutral,Neutral,Disagree,Disagree,Agree,Neutral,Agree,Agree,Agree
6.34703E+17,Agree,Neutral,Neutral,Agree,Disagree,Agree,Agree,Agree,Agree,Neutral
6.34705E+17,Neutral,Neutral,StronglyDisagree,Neutral,Agree,Agree,Neutral,Agree,Agree,Agree
6.34705E+17,StronglyAgree,StronglyAgree,StronglyAgree,StronglyAgree,Neutral,StronglyAgree,StronglyAgree,StronglyAgree,StronglyAgree,StronglyAgree
6.34708E+17,Neutral,Neutral,Disagree,StronglyDisagree,Neutral,StronglyAgree,StronglyDisagree,Agree,Agree,Neutral
6.34713E+17,StronglyAgree,StronglyAgree,StronglyAgree,Neutral,Disagree,StronglyAgree,StronglyAgree,Agree,StronglyAgree,StronglyAgree
6.34716E+17,Agree,Agree,Neutral,Agree,Agree,StronglyAgree,Agree,Agree,Agree,Agree
6.34717E+17,StronglyAgree,StronglyAgree,Neutral,StronglyAgree,Agree,Agree,Agree,StronglyAgree,StronglyAgree,StronglyAgree
6.34722E+17,Neutral,Neutral,Neutral,Agree,Neutral,Neutral,StronglyAgree,Agree,StronglyAgree,StronglyAgree
6.34723E+17,StronglyDisagree,StronglyDisagree,StronglyDisagree,StronglyDisagree,StronglyDisagree,Agree,StronglyDisagree,Agree,Agree,Agree
6.34723E+17,Disagree,Disagree,StronglyDisagree,Neutral,StronglyDisagree,Agree,Disagree,StronglyAgree,Disagree,Disagree
6.34729E+17,StronglyAgree,StronglyAgree,Neutral,StronglyAgree,Agree,StronglyAgree,StronglyAgree,Agree,Agree,Agree
6.34732E+17,Agree,Agree,Agree,Neutral,Disagree,StronglyAgree,Agree,Agree,Agree,StronglyAgree
6.34733E+17,Agree,Disagree,Agree,Agree,StronglyDisagree,StronglyAgree,StronglyDisagree,StronglyAgree,StronglyAgree,Neutral
6.34734E+17,Agree,Agree,Neutral,Disagree,Agree,Agree,Agree,Agree,Agree,Agree
6.34735E+17,Disagree,Disagree,Agree,Agree,StronglyDisagree,StronglyAgree,Agree,StronglyAgree,StronglyAgree,StronglyAgree
6.34735E+17,Agree,Agree,Agree,Agree,StronglyAgree,StronglyAgree,StronglyAgree,StronglyAgree,StronglyAgree,StronglyAgree
6.34741E+17,Agree,Agree,Agree,Agree,Disagree,Agree,Agree,Agree,Agree,Agree
6.34741E+17,Agree,Agree,StronglyDisagree,Agree,Neutral,Agree,Agree,Agree,Agree,Agree
6.34741E+17,Agree,Agree,StronglyDisagree,Neutral,Neutral,StronglyAgree,StronglyAgree,StronglyAgree,StronglyAgree,Agree
6.34744E+17,StronglyAgree,Agree,StronglyAgree,Agree,StronglyAgree,Neutral,StronglyAgree,Agree,StronglyAgree,Neutral
6.34744E+17,StronglyAgree,Agree,Agree,Agree,Disagree,StronglyAgree,StronglyAgree,Agree,Agree,Disagree
6.34745E+17,Disagree,Neutral,Disagree,Neutral,Disagree,Neutral,Neutral,Neutral,Neutral,Neutral
6.34745E+17,Neutral,StronglyDisagree,Agree,StronglyDisagree,StronglyDisagree,Agree,StronglyDisagree,Agree,Agree,StronglyAgree
6.34747E+17,Agree,Agree,Neutral,Neutral,Neutral,Neutral,StronglyAgree,StronglyAgree,Agree,Agree
6.34747E+17,StronglyAgree,StronglyAgree,StronglyAgree,StronglyAgree,StronglyAgree,StronglyAgree,StronglyAgree,StronglyAgree,StronglyAgree,StronglyAgree
6.34751E+17,Agree,Agree,Agree,Agree,StronglyDisagree,Neutral,Agree,StronglyAgree,Agree,Agree
6.34753E+17,Neutral,Neutral,Agree,Disagree,Neutral,Agree,Neutral,Agree,Agree,Disagree
6.34753E+17,StronglyAgree,StronglyAgree,Neutral,StronglyAgree,Agree,StronglyAgree,Agree,StronglyAgree,StronglyAgree,StronglyAgree
6.34758E+17,Agree,Agree,Disagree,Agree,StronglyAgree,Agree,Agree,Agree,Agree,Agree
6.34758E+17,Disagree,Disagree,Neutral,Agree,Neutral,Neutral,Neutral,Agree,StronglyAgree,Agree
6.34758E+17,StronglyDisagree,Agree,StronglyDisagree,Disagree,Disagree,StronglyAgree,Agree,Agree,Agree,Disagree
6.34759E+17,Agree,Agree,Neutral,Agree,Neutral,StronglyAgree,Agree,Agree,Agree,StronglyAgree
6.3476E+17,Agree,Neutral,Neutral,Neutral,StronglyDisagree,Agree,Neutral,Neutral,Disagree,Agree
6.34762E+17,StronglyAgree,StronglyAgree,StronglyAgree,Neutral,Neutral,StronglyAgree,Agree,StronglyAgree,StronglyAgree,StronglyAgree
6.34762E+17,StronglyAgree,StronglyAgree,Neutral,Agree,Disagree,Agree,Agree,Agree,StronglyAgree,Agree
6.34762E+17,Agree,Agree,Disagree,Agree,StronglyDisagree,Agree,StronglyDisagree,StronglyAgree,StronglyAgree,Agree
6.34762E+17,StronglyDisagree,Disagree,Neutral,Agree,StronglyDisagree,Agree,Neutral,Neutral,Neutral,StronglyAgree
6.34762E+17,Agree,Agree,Agree,Agree,Agree,Agree,Agree,Agree,Agree,Agree
6.34762E+17,Disagree,Disagree,Neutral,Neutral,StronglyDisagree,StronglyAgree,Disagree,StronglyAgree,StronglyAgree,Agree
6.34763E+17,Disagree,Disagree,Disagree,Neutral,Disagree,Agree,Disagree,Agree,Agree,Disagree
6.34763E+17,Agree,Neutral,StronglyDisagree,StronglyDisagree,Neutral,StronglyDisagree,StronglyAgree,StronglyDisagree,StronglyDisagree,StronglyDisagree
6.34763E+17,Neutral,Agree,Neutral,Neutral,StronglyDisagree,Agree,Agree,StronglyAgree,StronglyAgree,Disagree
6.34763E+17,Agree,Agree,Neutral,Disagree,Disagree,StronglyAgree,Agree,StronglyAgree,Agree,Agree
6.34763E+17,Agree,Agree,Agree,Agree,Disagree,Agree,Agree,Agree,Agree,Neutral
6.34764E+17,StronglyAgree,Agree,StronglyAgree,Neutral,StronglyDisagree,StronglyAgree,Agree,StronglyAgree,StronglyAgree,StronglyAgree
6.34764E+17,StronglyAgree,StronglyAgree,Neutral,Agree,Neutral,Agree,Agree,StronglyAgree,StronglyAgree,StronglyAgree
6.34764E+17,Neutral,Neutral,Neutral,Agree,Disagree,Agree,Agree,Agree,Agree,Agree
6.34765E+17,StronglyDisagree,Neutral,StronglyDisagree,StronglyAgree,StronglyDisagree,StronglyAgree,StronglyAgree,Neutral,Agree,StronglyDisagree
6.34765E+17,Agree,Agree,Neutral,Agree,StronglyDisagree,Neutral,Disagree,Neutral,Neutral,StronglyDisagree
6.34765E+17,Neutral,Neutral,Disagree,Neutral,Disagree,StronglyAgree,Neutral,Agree,Agree,Neutral
6.34765E+17,StronglyAgree,StronglyAgree,Neutral,Agree,StronglyAgree,StronglyAgree,StronglyAgree,StronglyAgree,StronglyAgree,StronglyAgree
6.34765E+17,StronglyAgree,StronglyAgree,Neutral,StronglyAgree,Agree,StronglyAgree,StronglyAgree,StronglyAgree,StronglyAgree,StronglyAgree
6.34769E+17,StronglyAgree,Agree,StronglyAgree,Neutral,Agree,StronglyAgree,StronglyAgree,Agree,Disagree,StronglyAgree
6.34774E+17,Agree,Agree,Agree,Neutral,Disagree,Agree,Neutral,Agree,Agree,Agree
6.34774E+17,Neutral,Neutral,Neutral,Neutral,Disagree,Agree,Disagree,Agree,Neutral,Neutral
6.34775E+17,Agree,Agree,Neutral,Disagree,Neutral,Agree,Neutral,Agree,Neutral,Agree
6.34776E+17,Agree,Neutral,Neutral,Disagree,Neutral,Agree,Neutral,Neutral,Neutral,Neutral
6.34776E+17,Agree,Agree,Agree,Agree,Agree,StronglyAgree,Disagree,Agree,Agree,StronglyAgree
6.3478E+17,Neutral,Disagree,Disagree,Agree,Agree,Agree,Agree,Agree,Neutral,Agree
6.34782E+17,Agree,Agree,Neutral,Agree,Neutral,StronglyAgree,Agree,StronglyAgree,StronglyAgree,StronglyAgree
6.34782E+17,Agree,Agree,Neutral,Agree,Agree,Agree,Agree,Agree,StronglyAgree,StronglyAgree
6.34782E+17,StronglyAgree,StronglyAgree,StronglyAgree,StronglyAgree,Agree,StronglyAgree,StronglyAgree,StronglyAgree,StronglyAgree,StronglyAgree
6.34782E+17,Disagree,Agree,Disagree,Disagree,Neutral,StronglyAgree,StronglyAgree,Neutral,Disagree,Neutral
6.34786E+17,StronglyAgree,StronglyAgree,StronglyAgree,StronglyAgree,StronglyAgree,StronglyAgree,StronglyAgree,StronglyAgree,StronglyAgree,StronglyAgree
6.34786E+17,Agree,StronglyAgree,StronglyAgree,Agree,Neutral,Agree,Agree,Agree,Agree,Agree
6.34787E+17,Agree,Agree,Agree,Agree,StronglyDisagree,StronglyAgree,Agree,StronglyAgree,StronglyAgree,StronglyAgree
6.34788E+17,Neutral,StronglyAgree,Neutral,StronglyDisagree,Disagree,Agree,StronglyAgree,StronglyAgree,Agree,Agree
6.34789E+17,StronglyAgree,Agree,StronglyAgree,Agree,Neutral,StronglyAgree,StronglyAgree,StronglyAgree,Neutral,Agree
6.34789E+17,Disagree,Disagree,Disagree,Disagree,Disagree,Agree,Disagree,Neutral,Disagree,Neutral
6.34793E+17,Agree,Agree,Neutral,Agree,StronglyAgree,Agree,Agree,StronglyAgree,Agree,Agree
6.34794E+17,StronglyAgree,StronglyAgree,StronglyAgree,StronglyAgree,StronglyAgree,StronglyAgree,StronglyAgree,StronglyAgree,StronglyAgree,StronglyAgree
6.34795E+17,Agree,Neutral,Neutral,Agree,Neutral,Agree,Neutral,Agree,Agree,Agree
6.34795E+17,Agree,Agree,StronglyDisagree,Neutral,Disagree,StronglyAgree,StronglyDisagree,StronglyAgree,StronglyAgree,StronglyDisagree
6.348E+17,Agree,StronglyDisagree,StronglyDisagree,StronglyAgree,StronglyDisagree,Neutral,Disagree,StronglyDisagree,Agree,StronglyDisagree
6.34801E+17,Neutral,Agree,Agree,Agree,Disagree,StronglyAgree,Agree,Agree,Agree,Agree
6.34807E+17,Agree,Agree,Agree,Disagree,Neutral,StronglyAgree,Agree,Agree,Agree,Neutral
6.34808E+17,Disagree,Disagree,Disagree,Neutral,StronglyDisagree,Agree,Disagree,Neutral,Neutral,Disagree
6.3481E+17,Agree,Agree,Neutral,Agree,Disagree,StronglyAgree,Disagree,Agree,Agree,Agree
6.34811E+17,Disagree,Disagree,Neutral,StronglyDisagree,Disagree,Agree,Neutral,Disagree,Disagree,StronglyDisagree
6.34811E+17,StronglyAgree,StronglyAgree,Neutral,Disagree,StronglyAgree,StronglyAgree,StronglyAgree,StronglyAgree,StronglyAgree,Neutral
6.34813E+17,Agree,StronglyAgree,StronglyAgree,Neutral,Neutral,StronglyAgree,Disagree,Disagree,Agree,Agree
6.34814E+17,StronglyAgree,StronglyAgree,Neutral,Neutral,Disagree,StronglyAgree,StronglyAgree,StronglyAgree,StronglyAgree,StronglyAgree
6.34817E+17,Agree,Agree,Agree,Agree,Neutral,Agree,Disagree,Agree,StronglyAgree,StronglyAgree
6.34817E+17,Agree,StronglyDisagree,StronglyDisagree,StronglyDisagree,StronglyDisagree,StronglyAgree,Disagree,StronglyDisagree,StronglyDisagree,StronglyDisagree
6.3482E+17,Agree,Agree,StronglyAgree,Agree,Agree,Agree,StronglyAgree,Neutral,Agree,Agree
6.3482E+17,Agree,StronglyAgree,Agree,Agree,Agree,StronglyAgree,Neutral,StronglyAgree,StronglyAgree,StronglyAgree
6.34824E+17,StronglyAgree,StronglyAgree,StronglyAgree,StronglyAgree,StronglyAgree,StronglyAgree,StronglyAgree,StronglyAgree,StronglyAgree,StronglyAgree
6.34825E+17,StronglyAgree,Agree,Neutral,StronglyAgree,Disagree,Agree,Agree,Agree,Neutral,Neutral
6.34825E+17,Agree,Neutral,Agree,Agree,Disagree,Agree,Disagree,Disagree,Neutral,Neutral
6.34826E+17,Agree,Agree,Agree,Disagree,Neutral,Agree,StronglyAgree,Agree,Agree,StronglyAgree
6.34832E+17,Agree,Agree,Neutral,Disagree,Neutral,Agree,Agree,Agree,Agree,Agree
6.34834E+17,Agree,Agree,Neutral,Agree,Neutral,StronglyAgree,StronglyAgree,Agree,StronglyAgree,Agree
6.34838E+17,Neutral,Neutral,Disagree,Agree,Disagree,Neutral,Agree,Agree,Agree,Disagree
6.34838E+17,Neutral,Neutral,StronglyDisagree,Agree,Neutral,Neutral,Agree,Agree,Agree,Neutral
6.34838E+17,Neutral,Disagree,Disagree,Neutral,Neutral,Agree,Disagree,Neutral,Neutral,Neutral
6.34838E+17,Agree,Agree,StronglyDisagree,StronglyDisagree,Disagree,Agree,Neutral,Agree,Disagree,Agree
6.34838E+17,Neutral,Neutral,Agree,Disagree,Disagree,StronglyAgree,Agree,Neutral,Agree,Disagree
6.34841E+17,Agree,StronglyAgree,Neutral,Agree,Agree,Agree,Agree,Agree,Agree,Neutral
6.34844E+17,StronglyAgree,StronglyAgree,Agree,StronglyAgree,Agree,StronglyAgree,StronglyAgree,StronglyAgree,StronglyAgree,StronglyAgree
6.34844E+17,Agree,Neutral,Neutral,Neutral,StronglyDisagree,Agree,Agree,Agree,Agree,Agree
6.34848E+17,Agree,Agree,Neutral,Agree,StronglyDisagree,StronglyAgree,Agree,Agree,Agree,Disagree
6.34849E+17,Neutral,Neutral,Neutral,Neutral,Neutral,StronglyAgree,StronglyAgree,StronglyAgree,StronglyAgree,StronglyAgree
6.3485E+17,Disagree,Disagree,Disagree,Neutral,Disagree,Agree,Agree,Neutral,Neutral,Neutral
6.34853E+17,Neutral,Disagree,Disagree,Agree,StronglyDisagree,StronglyAgree,Disagree,Neutral,Disagree,StronglyDisagree
6.34853E+17,Agree,Neutral,Agree,StronglyAgree,Disagree,StronglyAgree,Agree,Agree,Agree,Agree
6.34854E+17,Agree,Agree,Neutral,Disagree,Neutral,Agree,Agree,Agree,Agree,StronglyAgree
6.34854E+17,Agree,Neutral,Neutral,Disagree,Neutral,StronglyAgree,Disagree,StronglyAgree,StronglyAgree,StronglyAgree
6.34859E+17,Disagree,Disagree,Disagree,StronglyDisagree,Disagree,Neutral,Agree,Agree,Agree,Neutral
6.3486E+17,Agree,Neutral,Neutral,Agree,Agree,Agree,Agree,Agree,Neutral,Neutral
6.3486E+17,StronglyAgree,StronglyAgree,StronglyAgree,StronglyAgree,Neutral,StronglyAgree,StronglyAgree,StronglyAgree,StronglyAgree,StronglyAgree
6.34862E+17,Agree,Agree,Disagree,Agree,Disagree,Agree,Agree,Neutral,Agree,Agree
6.34866E+17,Agree,Agree,Neutral,StronglyDisagree,Neutral,Agree,Agree,Agree,Agree,Neutral
6.34866E+17,StronglyAgree,Agree,Neutral,StronglyDisagree,Neutral,Agree,Agree,Disagree,Agree,Agree
6.34867E+17,StronglyAgree,StronglyAgree,Agree,Agree,Neutral,Agree,Agree,Agree,Agree,Agree
6.34867E+17,Agree,Neutral,Neutral,Agree,Disagree,Agree,Neutral,Agree,Agree,Disagree
6.34872E+17,Agree,Agree,Neutral,Neutral,Agree,Agree,Agree,Agree,Agree,Agree
6.34873E+17,Neutral,Agree,StronglyDisagree,StronglyDisagree,Disagree,StronglyAgree,Agree,Agree,Agree,Agree
6.34875E+17,Neutral,Agree,Neutral,Agree,Agree,Disagree,StronglyAgree,Disagree,Disagree,Agree
6.34878E+17,Agree,Agree,Agree,Agree,Agree,Agree,Agree,Agree,Agree,Agree
6.3488E+17,Agree,Agree,Agree,Agree,Neutral,StronglyAgree,StronglyAgree,StronglyAgree,StronglyAgree,StronglyAgree
6.34883E+17,Agree,StronglyAgree,Agree,Agree,StronglyAgree,StronglyAgree,StronglyAgree,StronglyAgree,Neutral,Agree
6.34884E+17,Agree,Agree,Neutral,Agree,Neutral,Agree,Agree,Agree,Agree,Agree
6.34884E+17,Neutral,Disagree,Disagree,Neutral,StronglyDisagree,Agree,Disagree,Neutral,StronglyDisagree,Disagree
6.34884E+17,Agree,Agree,StronglyDisagree,Neutral,StronglyDisagree,StronglyAgree,StronglyDisagree,StronglyDisagree,StronglyAgree,StronglyDisagree
6.34885E+17,StronglyAgree,Neutral,Neutral,Neutral,Agree,StronglyAgree,StronglyAgree,Agree,Agree,StronglyAgree
6.34886E+17,Disagree,Disagree,Neutral,Disagree,StronglyDisagree,Agree,Neutral,Agree,Agree,Disagree
6.34889E+17,Agree,Agree,Agree,Disagree,Agree,Agree,Disagree,Neutral,Agree,Agree
6.3489E+17,Agree,Agree,Neutral,Agree,Agree,Agree,Agree,Agree,Agree,StronglyAgree
6.3489E+17,Agree,Neutral,Disagree,Neutral,Disagree,Agree,StronglyDisagree,Agree,Agree,Agree
6.3489E+17,Agree,Agree,Agree,Neutral,Neutral,Agree,StronglyAgree,StronglyAgree,Agree,Neutral
6.34891E+17,StronglyAgree,StronglyAgree,Agree,Agree,Neutral,StronglyAgree,StronglyAgree,StronglyAgree,StronglyAgree,Agree
6.34891E+17,Agree,Disagree,Agree,Disagree,Disagree,Agree,StronglyDisagree,Agree,StronglyAgree,Agree
6.34892E+17,Neutral,StronglyDisagree,StronglyDisagree,Disagree,StronglyDisagree,StronglyAgree,StronglyDisagree,StronglyAgree,StronglyAgree,Agree
6.34892E+17,Agree,Agree,Agree,StronglyAgree,Agree,StronglyAgree,Agree,Agree,StronglyAgree,StronglyAgree
6.34892E+17,Agree,Agree,Neutral,Agree,Neutral,Neutral,StronglyAgree,StronglyAgree,Agree,StronglyAgree
6.34897E+17,Disagree,Disagree,Neutral,Neutral,Disagree,StronglyAgree,Agree,Disagree,Disagree,Disagree
6.34897E+17,Agree,Agree,Agree,Agree,Disagree,Agree,Agree,Agree,Agree,Agree
6.34897E+17,Neutral,Disagree,Neutral,Agree,StronglyDisagree,Agree,Disagree,Agree,Agree,Agree
6.34898E+17,StronglyDisagree,StronglyDisagree,StronglyDisagree,StronglyDisagree,StronglyDisagree,StronglyDisagree,StronglyDisagree,Agree,StronglyDisagree,StronglyDisagree
6.34903E+17,StronglyAgree,StronglyAgree,Agree,Agree,Agree,StronglyAgree,Agree,Agree,Agree,Agree
6.34904E+17,Agree,Agree,Agree,Agree,Agree,Agree,Agree,Agree,Neutral,Agree
6.34907E+17,Disagree,Disagree,Disagree,StronglyAgree,StronglyDisagree,Agree,Neutral,StronglyAgree,StronglyAgree,Neutral
6.34907E+17,Agree,Neutral,Neutral,Agree,StronglyDisagree,Agree,Neutral,Neutral,Disagree,Neutral
6.34908E+17,Neutral,Neutral,Disagree,Disagree,Disagree,Agree,Disagree,Neutral,Agree,Neutral
6.34908E+17,Agree,Neutral,Agree,Agree,Disagree,Agree,Agree,Neutral,Disagree,Neutral
6.34908E+17,Agree,Agree,StronglyAgree,StronglyAgree,Agree,StronglyAgree,StronglyAgree,StronglyAgree,Agree,StronglyAgree
6.34909E+17,Agree,Agree,Agree,Agree,StronglyDisagree,Agree,Disagree,Disagree,StronglyAgree,Disagree
6.34909E+17,Disagree,Disagree,Disagree,StronglyDisagree,Disagree,Agree,Agree,Neutral,Agree,StronglyAgree
6.34909E+17,Neutral,Neutral,Disagree,Neutral,Neutral,Agree,Agree,Agree,Agree,Agree
6.34909E+17,Agree,Neutral,Neutral,Agree,Agree,StronglyAgree,Agree,Agree,Agree,Agree
6.34909E+17,Disagree,Neutral,Neutral,Agree,Disagree,Agree,Disagree,Agree,Agree,Agree
6.3491E+17,Neutral,Disagree,Neutral,Disagree,Neutral,Agree,Neutral,StronglyDisagree,StronglyDisagree,StronglyAgree
6.3491E+17,StronglyAgree,StronglyAgree,StronglyAgree,Agree,Neutral,StronglyAgree,StronglyAgree,Neutral,Neutral,Agree
6.34911E+17,StronglyAgree,StronglyAgree,Agree,Agree,Neutral,StronglyAgree,Agree,StronglyAgree,Agree,Neutral
6.34915E+17,Agree,Neutral,Disagree,Agree,Neutral,Agree,StronglyDisagree,Agree,Neutral,Neutral
6.34916E+17,Agree,Agree,Neutral,Agree,Disagree,StronglyAgree,Agree,StronglyAgree,StronglyAgree,StronglyAgree
6.34933E+17,StronglyAgree,Agree,StronglyAgree,Agree,Agree,Agree,Agree,StronglyAgree,StronglyAgree,Neutral
6.34933E+17,Disagree,Neutral,Neutral,Neutral,Disagree,Agree,Disagree,Agree,Agree,Disagree
6.34937E+17,StronglyDisagree,StronglyDisagree,StronglyDisagree,Agree,StronglyDisagree,Agree,Agree,Disagree,Disagree,StronglyDisagree
6.34938E+17,StronglyAgree,StronglyAgree,Disagree,Disagree,StronglyDisagree,Agree,Disagree,Neutral,Agree,Agree
6.34938E+17,Agree,Agree,Agree,StronglyDisagree,Agree,Agree,Agree,Neutral,Agree,Agree
6.34938E+17,Agree,Agree,Neutral,Neutral,StronglyDisagree,Agree,Agree,Neutral,Neutral,StronglyDisagree
6.34941E+17,Agree,Neutral,Disagree,Agree,Disagree,StronglyAgree,Agree,Agree,Agree,Agree
6.34941E+17,Neutral,Neutral,Disagree,Agree,StronglyDisagree,StronglyAgree,Neutral,Agree,Agree,Agree
6.34941E+17,StronglyAgree,StronglyAgree,Agree,Agree,StronglyAgree,StronglyAgree,StronglyAgree,StronglyAgree,StronglyAgree,StronglyAgree
6.34944E+17,Agree,Agree,Disagree,Disagree,Agree,Agree,Agree,Agree,Agree,Agree
6.34945E+17,Agree,Agree,Disagree,Agree,Agree,StronglyAgree,StronglyAgree,Agree,Disagree,Agree
6.34945E+17,StronglyAgree,StronglyAgree,Neutral,StronglyDisagree,Agree,StronglyAgree,StronglyAgree,Neutral,Disagree,Agree
6.34951E+17,Neutral,Neutral,Neutral,Neutral,Neutral,Neutral,Neutral,Neutral,Neutral,Neutral
6.34952E+17,Agree,Agree,Agree,Agree,Agree,Agree,Agree,Agree,Agree,Agree
6.34958E+17,StronglyAgree,Agree,StronglyDisagree,StronglyDisagree,StronglyDisagree,StronglyAgree,Disagree,StronglyAgree,Neutral,Disagree
6.34964E+17,StronglyAgree,StronglyAgree,StronglyAgree,StronglyAgree,Agree,StronglyAgree,StronglyAgree,StronglyAgree,StronglyAgree,StronglyAgree
6.34969E+17,Neutral,Neutral,Neutral,Agree,StronglyDisagree,StronglyAgree,StronglyAgree,Disagree,Neutral,Disagree
6.3497E+17,Agree,Agree,Neutral,Agree,Neutral,Agree,Agree,Agree,Agree,Agree
6.34974E+17,Neutral,Agree,Agree,Disagree,StronglyDisagree,Agree,Neutral,Agree,Agree,StronglyDisagree
6.34975E+17,StronglyDisagree,StronglyDisagree,Neutral,StronglyDisagree,Agree,Agree,Disagree,Disagree,Neutral,Disagree
6.34975E+17,StronglyAgree,StronglyAgree,StronglyAgree,StronglyAgree,StronglyAgree,StronglyAgree,StronglyAgree,StronglyAgree,StronglyAgree,StronglyAgree
6.34975E+17,Agree,Agree,Agree,Disagree,StronglyDisagree,Agree,Neutral,Agree,Agree,StronglyDisagree
6.34976E+17,Neutral,Neutral,StronglyDisagree,Neutral,StronglyDisagree,Agree,Disagree,Agree,Neutral,Disagree
6.34977E+17,StronglyAgree,Neutral,Neutral,Disagree,Agree,Agree,Disagree,StronglyAgree,Agree,Agree
6.34978E+17,Agree,Agree,Agree,Agree,Agree,Agree,Agree,StronglyAgree,Agree,Agree
6.34982E+17,StronglyAgree,Agree,StronglyAgree,Agree,Neutral,Agree,Agree,StronglyAgree,Agree,StronglyAgree
6.34982E+17,Agree,Agree,Agree,Agree,Agree,Agree,Agree,Agree,Agree,Agree
6.34986E+17,Agree,Agree,Agree,Disagree,Agree,Agree,Agree,Agree,Agree,Agree
6.34988E+17,Agree,Neutral,Neutral,Agree,Disagree,StronglyAgree,Agree,Disagree,Agree,StronglyAgree
6.34992E+17,Neutral,Neutral,Disagree,Disagree,Disagree,Neutral,Disagree,Neutral,Agree,Neutral
6.34993E+17,StronglyAgree,StronglyAgree,StronglyAgree,StronglyAgree,StronglyAgree,StronglyAgree,StronglyAgree,StronglyAgree,StronglyAgree,StronglyAgree
6.34993E+17,Disagree,Disagree,Disagree,Agree,Disagree,StronglyAgree,Disagree,Agree,Disagree,Agree
6.34993E+17,Disagree,Disagree,Disagree,Agree,Disagree,Agree,Disagree,Agree,Disagree,Agree
6.34995E+17,Agree,Agree,Agree,Agree,Agree,Agree,Agree,Neutral,Agree,Agree
6.34999E+17,Neutral,Neutral,Neutral,Agree,Disagree,Agree,Neutral,Agree,Agree,Agree
6.34999E+17,Agree,Agree,Disagree,Disagree,Agree,Agree,Neutral,Agree,Agree,Agree
6.35E+17,Neutral,Neutral,StronglyDisagree,Disagree,Neutral,Agree,StronglyDisagree,Neutral,StronglyDisagree,Agree
6.35E+17,StronglyDisagree,Disagree,Disagree,Agree,Disagree,StronglyDisagree,Neutral,StronglyDisagree,StronglyDisagree,StronglyDisagree
6.35E+17,Neutral,Disagree,Neutral,Neutral,Neutral,StronglyAgree,Agree,StronglyAgree,StronglyAgree,Agree
6.35005E+17,Agree,Agree,Agree,StronglyAgree,Neutral,StronglyAgree,StronglyAgree,StronglyAgree,StronglyAgree,Neutral
6.35006E+17,Agree,Agree,Neutral,Disagree,Agree,Agree,Agree,Disagree,Agree,Disagree
6.35006E+17,Agree,Agree,Agree,Agree,Agree,StronglyAgree,StronglyAgree,Agree,Agree,Agree
6.35011E+17,Agree,Agree,Disagree,Neutral,Agree,StronglyAgree,StronglyAgree,Neutral,Neutral,Agree
6.35011E+17,StronglyDisagree,StronglyDisagree,StronglyDisagree,StronglyDisagree,StronglyDisagree,StronglyDisagree,StronglyDisagree,StronglyDisagree,StronglyDisagree,StronglyDisagree
6.35013E+17,Disagree,Disagree,Disagree,Disagree,Neutral,Agree,Agree,Disagree,Disagree,Neutral
6.35017E+17,Disagree,Disagree,StronglyDisagree,StronglyDisagree,StronglyDisagree,StronglyAgree,Agree,StronglyAgree,Agree,StronglyAgree
6.35017E+17,Neutral,StronglyDisagree,Neutral,Neutral,Neutral,StronglyAgree,Agree,Agree,Neutral,StronglyDisagree
6.35018E+17,StronglyDisagree,Disagree,Neutral,StronglyDisagree,Disagree,Neutral,Neutral,Agree,Agree,StronglyDisagree
6.35019E+17,Neutral,Neutral,Neutral,StronglyDisagree,StronglyDisagree,StronglyAgree,Neutral,Agree,Agree,StronglyAgree
6.35022E+17,Neutral,Neutral,Neutral,Disagree,Disagree,Agree,Neutral,Agree,Agree,Agree
6.35025E+17,Agree,Agree,Neutral,Agree,Agree,StronglyAgree,Neutral,Agree,Agree,Agree
6.35028E+17,Neutral,Agree,Disagree,Neutral,StronglyAgree,Agree,StronglyAgree,Agree,StronglyAgree,StronglyAgree
6.35031E+17,Agree,Agree,Agree,Agree,Disagree,Agree,Agree,Agree,Agree,Neutral
6.35031E+17,StronglyDisagree,Disagree,Neutral,StronglyDisagree,Neutral,Agree,StronglyDisagree,Agree,Agree,Agree
6.35036E+17,Agree,Agree,Agree,Agree,Agree,Agree,Agree,Agree,Agree,Agree
6.35037E+17,StronglyAgree,StronglyAgree,StronglyAgree,StronglyAgree,StronglyAgree,StronglyAgree,StronglyAgree,StronglyAgree,StronglyAgree,StronglyAgree
6.35037E+17,Agree,Agree,Disagree,Disagree,Disagree,StronglyAgree,Agree,StronglyAgree,Agree,StronglyAgree
6.3504E+17,Neutral,StronglyDisagree,StronglyDisagree,Disagree,Neutral,Agree,StronglyDisagree,Agree,Neutral,Neutral
6.35043E+17,Disagree,StronglyDisagree,Disagree,StronglyAgree,Agree,Agree,Disagree,StronglyAgree,Agree,Agree
6.35043E+17,StronglyAgree,Agree,Disagree,Disagree,Neutral,Agree,Neutral,StronglyAgree,Agree,Neutral
6.35048E+17,Agree,Neutral,Agree,Disagree,Agree,StronglyAgree,Agree,Agree,Agree,StronglyAgree
6.35048E+17,Disagree,Disagree,Disagree,Neutral,Neutral,StronglyAgree,Disagree,Disagree,Disagree,Neutral
6.3505E+17,StronglyAgree,StronglyAgree,StronglyAgree,StronglyAgree,Agree,StronglyAgree,Agree,Agree,StronglyAgree,StronglyAgree
6.3506E+17,Neutral,Agree,Disagree,Disagree,Disagree,StronglyAgree,StronglyAgree,Neutral,Neutral,Agree
6.35065E+17,StronglyAgree,StronglyAgree,Neutral,Neutral,StronglyAgree,StronglyAgree,StronglyAgree,StronglyAgree,StronglyAgree,StronglyAgree
6.35066E+17,StronglyDisagree,StronglyDisagree,Neutral,Disagree,Neutral,Agree,Agree,Agree,Agree,Agree
6.35067E+17,Agree,Agree,Neutral,Disagree,Disagree,StronglyAgree,Neutral,Agree,Neutral,Neutral
6.3507E+17,StronglyAgree,StronglyAgree,Neutral,Agree,Neutral,Agree,Agree,Agree,StronglyAgree,StronglyAgree
6.35071E+17,StronglyDisagree,StronglyDisagree,StronglyDisagree,Disagree,Agree,Agree,StronglyAgree,StronglyDisagree,StronglyDisagree,Disagree
6.35073E+17,StronglyAgree,StronglyAgree,StronglyAgree,StronglyAgree,Agree,StronglyAgree,Disagree,StronglyAgree,StronglyAgree,StronglyAgree
